{"stats":{"minecraft:mined":{"minecraft:grass_block":3,"minecraft:dirt":16},"minecraft:custom":{"minecraft:jump":62,"minecraft:time_since_rest":17579,"minecraft:damage_dealt":40,"minecraft:play_one_minute":17579,"minecraft:leave_game":1,"minecraft:walk_on_water_one_cm":3812,"minecraft:time_since_death":17579,"minecraft:walk_one_cm":61500,"minecraft:walk_under_water_one_cm":2323,"minecraft:fall_one_cm":269,"minecraft:fly_one_cm":52},"minecraft:picked_up":{"minecraft:stone_sword":2,"minecraft:stone_shovel":1,"minecraft:wheat_seeds":3,"minecraft:dirt":15}},"DataVersion":2586}