{"stats":{"minecraft:used":{"minecraft:dirt":15,"minecraft:crafting_table":1,"minecraft:wooden_pickaxe":2},"minecraft:mined":{"minecraft:grass":26,"minecraft:oak_log":6,"minecraft:grass_block":8,"minecraft:dirt":8,"minecraft:tall_grass":5,"minecraft:stone":2},"minecraft:custom":{"minecraft:time_since_rest":1678,"minecraft:play_one_minute":5994,"minecraft:crouch_one_cm":4588,"minecraft:sprint_one_cm":25973,"minecraft:deaths":1,"minecraft:damage_taken":250,"minecraft:walk_one_cm":9946,"minecraft:sneak_time":1782,"minecraft:walk_under_water_one_cm":241,"minecraft:mob_kills":2,"minecraft:drop":7,"minecraft:jump":142,"minecraft:damage_dealt":111,"minecraft:time_since_death":1658,"minecraft:walk_on_water_one_cm":1011,"minecraft:climb_one_cm":12,"minecraft:interact_with_crafting_table":1,"minecraft:fall_one_cm":2926,"minecraft:fly_one_cm":33876},"minecraft:crafted":{"minecraft:oak_planks":24,"minecraft:crafting_table":1,"minecraft:stick":8,"minecraft:wooden_pickaxe":1},"minecraft:picked_up":{"minecraft:wheat_seeds":7,"minecraft:oak_log":6,"minecraft:dirt":18,"minecraft:cobblestone":2},"minecraft:killed":{"minecraft:dolphin":1},"minecraft:dropped":{"minecraft:wheat_seeds":7}},"DataVersion":2586}