{"stats":{"minecraft:mined":{"minecraft:dark_oak_log":2,"minecraft:grass":48,"minecraft:tall_grass":7,"minecraft:sugar_cane":3},"minecraft:used":{"minecraft:dark_oak_planks":8,"minecraft:grass_block":1,"minecraft:sugar_cane":5,"minecraft:cat_spawn_egg":33,"minecraft:dolphin_spawn_egg":14,"minecraft:porkchop":2,"minecraft:snowball":24},"minecraft:custom":{"minecraft:time_since_rest":35308,"minecraft:sprint_one_cm":125114,"minecraft:damage_taken":775,"minecraft:walk_one_cm":375523,"minecraft:mob_kills":1,"minecraft:drop":26,"minecraft:damage_dealt":184,"minecraft:fly_one_cm":302301,"minecraft:swim_one_cm":2602,"minecraft:player_kills":1,"minecraft:crouch_one_cm":5531,"minecraft:play_one_minute":57408,"minecraft:deaths":3,"minecraft:sneak_time":1972,"minecraft:walk_under_water_one_cm":4359,"minecraft:jump":699,"minecraft:leave_game":7,"minecraft:time_since_death":35287,"minecraft:walk_on_water_one_cm":5018,"minecraft:climb_one_cm":1085,"minecraft:fall_one_cm":6089},"minecraft:crafted":{"minecraft:dark_oak_planks":8},"minecraft:picked_up":{"minecraft:porkchop":3,"minecraft:ink_sac":3,"minecraft:dirt":2,"minecraft:dark_oak_log":2,"minecraft:rotten_flesh":1,"minecraft:wheat_seeds":3,"minecraft:sugar_cane":5},"minecraft:killed":{"minecraft:pig":1},"minecraft:killed_by":{"minecraft:zombie":3},"minecraft:dropped":{"minecraft:porkchop":1,"minecraft:shield":1,"minecraft:wheat_seeds":1,"minecraft:trident":2,"minecraft:snowball":16,"minecraft:crossbow":1,"minecraft:rotten_flesh":1,"minecraft:totem_of_undying":2,"minecraft:grass_block":1}},"DataVersion":2586}