{"stats":{"minecraft:mined":{"minecraft:crafting_table":1,"minecraft:granite":3,"minecraft:grass":11,"minecraft:grass_block":38,"minecraft:oak_log":11,"minecraft:gravel":2,"minecraft:dirt":11,"minecraft:tall_grass":2,"minecraft:stone":12,"minecraft:oak_leaves":5},"minecraft:used":{"minecraft:grass_block":1,"minecraft:wooden_pickaxe":17,"minecraft:gravel":1,"minecraft:oak_door":2,"minecraft:dirt":37,"minecraft:crafting_table":2,"minecraft:furnace":1,"minecraft:cooked_porkchop":1},"minecraft:custom":{"minecraft:time_since_rest":18000,"minecraft:interact_with_furnace":2,"minecraft:sprint_one_cm":16249,"minecraft:damage_taken":20,"minecraft:walk_one_cm":60800,"minecraft:mob_kills":1,"minecraft:drop":1,"minecraft:damage_dealt":156,"minecraft:fly_one_cm":15673,"minecraft:interact_with_crafting_table":5,"minecraft:play_one_minute":18000,"minecraft:sneak_time":32,"minecraft:jump":113,"minecraft:walk_on_water_one_cm":565,"minecraft:time_since_death":18000,"minecraft:fall_one_cm":418},"minecraft:crafted":{"minecraft:wooden_sword":1,"minecraft:oak_door":3,"minecraft:oak_planks":40,"minecraft:cooked_porkchop":1,"minecraft:crafting_table":1,"minecraft:stick":8,"minecraft:wooden_pickaxe":1,"minecraft:stone_sword":2,"minecraft:furnace":1},"minecraft:picked_up":{"minecraft:crafting_table":1,"minecraft:gravel":2,"minecraft:porkchop":2,"minecraft:oak_log":11,"minecraft:grass_block":1,"minecraft:dirt":49,"minecraft:wheat_seeds":2,"minecraft:granite":3,"minecraft:cobblestone":12},"minecraft:killed":{"minecraft:pig":1},"minecraft:dropped":{"minecraft:stone_sword":1}},"DataVersion":2586}