{"stats":{"minecraft:mined":{"minecraft:grass":22,"minecraft:grass_block":19,"minecraft:oak_log":1,"minecraft:tall_grass":2},"minecraft:custom":{"minecraft:time_since_rest":3483,"minecraft:play_one_minute":50243,"minecraft:sprint_one_cm":77,"minecraft:deaths":4,"minecraft:damage_taken":1104,"minecraft:walk_one_cm":146655,"minecraft:walk_under_water_one_cm":8640,"minecraft:mob_kills":2,"minecraft:jump":176,"minecraft:damage_dealt":557,"minecraft:leave_game":1,"minecraft:walk_on_water_one_cm":10146,"minecraft:time_since_death":3463,"minecraft:climb_one_cm":528,"minecraft:swim_one_cm":95,"minecraft:fall_one_cm":335,"minecraft:fly_one_cm":2264},"minecraft:picked_up":{"minecraft:rotten_flesh":1,"minecraft:wheat_seeds":1,"minecraft:crossbow":1,"minecraft:oak_log":1,"minecraft:totem_of_undying":2,"minecraft:ink_sac":3,"minecraft:trident":2,"minecraft:shield":1,"minecraft:cod":1,"minecraft:snowball":16,"minecraft:dirt":17,"minecraft:egg":1},"minecraft:killed":{"minecraft:dolphin":1,"minecraft:squid":1},"minecraft:killed_by":{"minecraft:creeper":1,"minecraft:zombie":1,"minecraft:player":1,"minecraft:dolphin":1}},"DataVersion":2586}